date,title,url,publisher,tickers,keywords_matched,catalyst_type,keyword_score,ticker_score,publisher_score,recency_score,composite_score
2026-03-18,"Mark Cuban Dismisses Gen Z Unemployment Fears As 'Wrong,' Countering Bill Gates' Warning That Even AI Skills May Not Guarantee Stability",https://www.benzinga.com/markets/tech/26/03/51316807/mark-cuban-dismisses-gen-z-unemployment-fears-as-wrong-countering-bill-gates-warning-that-even-ai-skills-may-not-guarantee-stability,Rishabh Mishra,,"unemployment, war, miss",Mixed,3,0,0,0,9
2026-03-18,"Protagonist Therapeutics Announces FDA Approval For ICOTYDE, IL-23 Receptor Antagonist For Treatment Of Moderate-To-Severe Plaque Psoriasis; Treatment Commercialized Under License By Johnson & Johnson",https://www.benzinga.com/news/26/03/51321525/protagonist-therapeutics-announces-fda-approval-for-icotyde-il-23-receptor-antagonist-for-treatment,Benzinga Newsdesk,,"fda, rate, approval",Mixed,3,0,0,0,9
2026-03-18,"Johnson & Johnson Says FDA Approves ICOTYDE, IL-23 Receptor Antagonist For Treatment Of Moderate-To-Severe Plaque Psoriasis",https://www.benzinga.com/news/26/03/51320701/johnson-johnson-says-fda-approves-icotyde-il-23-receptor-antagonist-for-treatment-of-moderate-to-sev,Benzinga Newsdesk,,"fda, rate",Mixed,2,0,0,0,6
2026-03-18,Trump's Golden Dome Cost Surges To $185 Billion As Space-Based Missile Defense Takes Center Stage,https://www.benzinga.com/news/politics/26/03/51317440/trumps-golden-dome-cost-surges-to-185-billion-as-space-based-missile-defense-takes-center-stage,Badar Shaikh,,miss,Earnings,1,0,0,0,3
2026-03-18,Tim Cook To Exit As Apple CEO Before 2027? Here's What Prediction Market Is Saying,https://www.benzinga.com/markets/prediction-markets/26/03/51316534/tim-cook-to-exit-as-apple-ceo-before-2027-heres-what-prediction-market-is-saying,Rounak Jain,,ceo,Corporate Event,1,0,0,0,3
2026-03-18,IBM Fellow Charles H. Bennett And Gilles Brassard Win 2025 ACM A.M. Turing Award For Pioneering Quantum Information Science And BB84 Quantum Cryptography Protocol,https://www.benzinga.com/news/26/03/51318430/ibm-fellow-charles-h-bennett-and-gilles-brassard-win-2025-acm-a-m-turing-award-for-pioneering-quantu,Benzinga Newsdesk,,war,Macro,1,0,0,0,3
2026-03-18,'Microsoft Weighs Legal Action Over $50bn Amazon-OpenAI Cloud Deal' - FT,https://www.benzinga.com/news/26/03/51317551/microsoft-weighs-legal-action-over-50bn-amazon-openai-cloud-deal-ft,Benzinga Newsdesk,,deal,Corporate Event,1,0,0,0,3
2026-03-18,Disney's CEO Josh D'amaro Says We Will Embrace Technology To Unlock New Possibilities,https://www.benzinga.com/news/26/03/51330337/disneys-ceo-josh-damaro-says-we-will-embrace-technology-to-unlock-new-possibilities,Benzinga Newsdesk,,ceo,Corporate Event,1,0,0,0,3
2026-03-18,Tim Cook To Exit As Apple CEO Before 2027? Here's What Prediction Market Is Saying,https://www.benzinga.com/markets/prediction-markets/26/03/51316535/tim-cook-to-exit-as-apple-ceo-before-2027-heres-what-prediction-market-is-saying,Rounak Jain,,ceo,Corporate Event,1,0,0,0,3
2026-03-18,S&P 500 Braces For Triple Witching As Financials Signal Deeper Correction: Index Closed Up 'Only 25% Of The Time' In Last 5-Years,https://www.benzinga.com/etfs/broad-u-s-equity-etfs/26/03/51320368/sp-500-braces-for-triple-witching-as-financials-signal-deeper-correction-index-closed-up-only-25-of-the-time-in-last-5-years,Rishabh Mishra,,,General,0,0,0,0,0
2026-03-18,Fold Holdings (FLD) Surges Over 12% After Hours— Here's What's Driving the Move,https://www.benzinga.com/markets/equities/26/03/51317298/fold-holdings-fld-surges-over-12-after-hours-heres-whats-driving-the-move,Mohd Haider,,,General,0,0,0,0,0
2026-03-18,"Guggenheim Maintains Buy on Walt Disney, Lowers Price Target to $115",https://www.benzinga.com/news/26/03/51323248/guggenheim-maintains-buy-on-walt-disney-lowers-price-target-to-115,Benzinga Newsdesk,,,General,0,0,0,0,0
2026-03-18,What's Going On With Intel Stock Wednesday?,https://www.benzinga.com/trading-ideas/movers/26/03/51322694/whats-going-on-with-intel-stock-wednesday-5,Kaustubh Bagalkote,,,General,0,0,0,0,0
2026-03-18,"Apple, Samsung Eat The Global Smartphone Market Alive In 2025",https://www.benzinga.com/markets/tech/26/03/51324776/apple-samsung-eat-the-global-smartphone-market-alive-in-2025,Anusuya Lahiri,,,General,0,0,0,0,0
2026-03-18,'Apple Cracks Down on 'Vibe Coding' Apps' - The Information,https://www.benzinga.com/news/26/03/51324893/apple-cracks-down-on-vibe-coding-apps-the-information,Benzinga Newsdesk,,,General,0,0,0,0,0
2026-03-18,Apple Stock Is Already A Portfolio Staple — And This ETF Is Turning It Into A Casino Chip,https://www.benzinga.com/etfs/specialty-etfs/26/03/51326363/apple-stock-is-already-a-portfolio-staple-and-this-etf-is-turning-it-into-a-casino-chip,Chandrima Sanyal,,,General,0,0,0,0,0
2026-03-18,"UBS Maintains Neutral on Dow, Raises Price Target to $37",https://www.benzinga.com/news/26/03/51323773/ubs-maintains-neutral-on-dow-raises-price-target-to-37,Benzinga Newsdesk,,,General,0,0,0,0,0
2026-03-18,Nebius To Raise $4 Billion Via Convertible Senior Debt,https://www.benzinga.com/markets/offerings/26/03/51327277/nebius-to-raise-4-billion-via-convertible-senior-debt,Lekha Gupta,,,General,0,0,0,0,0
2026-03-18,Recent Filing Shows That Rep. Cleo Fields Bought Over $2K Worth of Microsoft Stock,https://www.benzinga.com/insights/government/26/03/51327764/recent-filing-shows-that-rep-cleo-fields-bought-over-2k-worth-of-microsoft-stock,Benzinga Insights,,,General,0,0,0,0,0
2026-03-18,"JP Morgan Maintains Neutral on IBM, Lowers Price Target to $283",https://www.benzinga.com/news/26/03/51329179/jp-morgan-maintains-neutral-on-ibm-lowers-price-target-to-283,Benzinga Newsdesk,,,General,0,0,0,0,0
2026-03-18,New York Rep. Thomas Suozzi Sold Up to $215K Worth of Apple Stock,https://www.benzinga.com/insights/government/26/03/51327766/new-york-rep-thomas-suozzi-sold-up-to-215k-worth-of-apple-stock,Benzinga Insights,,,General,0,0,0,0,0
2026-03-18,Bob Iger Leaves Disney (Again): Here's What Happened The Last Time He Stepped Down,https://www.benzinga.com/trading-ideas/long-ideas/26/03/51329830/bob-iger-leaves-disney-again-heres-what-happened-the-last-time-he-stepped-down,Chris Katje,,,General,0,0,0,0,0
2026-03-18,"Boeing Seen Steady On Production, Defense Upside Despite Near-Term Margin Pressure, Says BofA Analyst",https://www.benzinga.com/analyst-stock-ratings/reiteration/26/03/51330433/boeing-seen-steady-on-production-defense-upside-despite-near-term-margin-pressure-says-bofa-analyst,Kaustubh Bagalkote,,,General,0,0,0,0,0
2026-03-18,"Microsoft Unifies AI Division To End Copilot Confusion, Boost Growth",https://www.benzinga.com/markets/tech/26/03/51331212/microsoft-unifies-ai-division-to-end-copilot-confusion-boost-growth,Anusuya Lahiri,,,General,0,0,0,0,0
2026-03-18,"Fidelity Sees Calm During Private Credit Frenzy, 'Remains A Compelling Asset Class'",https://www.benzinga.com/markets/private-markets/26/03/51332318/fidelity-sees-calm-during-private-credit-frenzy-remains-a-compelling-asset-class,Caroline Ryan,,,General,0,0,0,0,0
